Company_ID,Debt_To_Equity,Interest_Rate_Pct,Default_Risk_Score
CORP-0000,1.9352465823520764,3.055398786515859,38.85047250489503
CORP-0001,4.758500101408589,4.125702842135075,70.05480162384218
CORP-0002,3.6867703148758855,5.118837507629225,65.04671023803475
CORP-0003,3.0334265725654794,4.696674659228684,58.33898208991914
CORP-0004,0.864491338167939,4.919683443584349,39.71857073939931
CORP-0005,0.864373149647393,4.4763501001321515,34.51058742081815
CORP-0006,0.38460969962417735,4.576829693553558,34.94648805856296
CORP-0007,4.344263114297182,5.047586954695958,70.91860020252193
CORP-0008,3.0454635575417233,3.2490040265775577,51.88518531425972
CORP-0009,3.569555631200623,3.9682748909294214,58.28945470182796
CORP-0010,0.200864022049432,3.1636283254588067,19.714240990758945
CORP-0011,4.852558275593772,5.4630040239899404,79.71941050682271
CORP-0012,4.178968939922067,5.33217801905984,72.50260479968387
CORP-0013,1.1404616423235534,2.6182804341055177,30.744852224259404
CORP-0014,0.990942339314793,4.616725517547065,38.01483572812854
CORP-0015,0.9986820982818257,5.275744952246997,41.62233817807353
CORP-0016,1.590786990501735,3.0417260353820006,34.1542888375214
CORP-0017,2.6713065149979656,4.203835691657888,51.13464930441963
CORP-0018,2.2165305913463675,5.246464892764125,53.631429548090644
CORP-0019,1.5270227869704056,2.6018379357573966,32.40548937290994
CORP-0020,3.0980791841396598,4.59226080174052,58.387911320622095
CORP-0021,0.783519917195005,3.3920470221176524,28.298463692576348
CORP-0022,1.5315087778225691,5.273188586129591,46.57494769869982
CORP-0023,1.8951730321390896,5.413174735496103,49.585559782710796
CORP-0024,2.334742922663476,5.332799467340301,50.2809920028532
CORP-0025,3.947362210825767,3.922642649972391,65.51999031164868
CORP-0026,1.0784015325759628,5.08612795296794,39.12014321774731
CORP-0027,2.619748748226697,5.0336481956052115,53.40170101654571
CORP-0028,3.0028313874240085,3.4573014197297667,52.757242253909034
CORP-0029,0.3276070223279889,4.986746422452033,35.356527100781456
CORP-0030,3.0769697743170483,2.611022904146478,47.64366083464108
CORP-0031,0.9355682060677285,4.288809635446159,36.166496199124005
CORP-0032,0.41875280562786965,3.1900265118631093,27.595890701578345
CORP-0033,4.749539132541333,2.8617006573318364,67.9536356029963
CORP-0034,4.8315969620653405,2.7308596048876277,67.17649266972569
CORP-0035,4.06114700577066,4.5888663276344195,66.2023061871923
CORP-0036,1.5926074689495167,3.5196248913041983,37.55309007893976
CORP-0037,0.578593358631281,4.674300314586285,34.36612593143506
CORP-0038,3.452741829909569,2.696069022396827,51.441045449757006
CORP-0039,2.2567472193240468,3.445871013491831,39.37988167055656
CORP-0040,0.6979873507394163,4.118473877126012,33.97789494884384
CORP-0041,2.526366859545224,4.872169494516891,55.29703282591959
CORP-0042,0.2685037534645701,3.4562575087962095,21.649950822014578
CORP-0043,4.555669970186032,4.3776741293110275,68.77009982459154
CORP-0044,1.368021909840083,5.157933244708561,44.86624964432543
CORP-0045,3.346359193334512,4.347589564546913,63.295761534288914
CORP-0046,1.6273842728381138,3.198878424260901,38.297251704356505
CORP-0047,2.648333303771273,2.573202344669614,43.99596988204728
CORP-0048,2.7788803687820707,5.11029662170279,56.47475710803115
CORP-0049,1.0057868320750827,2.5638082325511613,32.5599606732143
CORP-0050,4.8509646760463365,5.124105018052598,75.28865613640153
CORP-0051,3.8981508344694618,4.086811402081636,61.78129452248592
CORP-0052,4.703544813664527,5.317203095538689,74.9870010676037
CORP-0053,4.48465401709548,4.896349707320996,70.28295477517361
CORP-0054,3.0297098961743174,5.493802331600012,61.00279397204565
CORP-0055,4.617183751613273,3.5521354463551305,71.32114434268573
CORP-0056,0.5336132600544056,4.801564866793381,34.92174398392244
CORP-0057,1.0603160258538116,3.7057927408277265,34.39146620466954
CORP-0058,0.32161371566163655,3.9396268609117264,28.230215204601365
CORP-0059,1.6941186207399954,4.382516389655111,40.49781083825709
CORP-0060,2.004518719478462,5.121031342559016,51.29327275957577
CORP-0061,1.4296102556920902,5.4522504075978855,45.2346246654408
CORP-0062,4.1608137948444535,4.804820241593554,68.38605219021528
CORP-0063,1.8480913007985877,3.753300346502001,48.956283879284314
CORP-0064,1.4765790974681658,3.7640710068312107,39.68129127000379
CORP-0065,2.7592108074754176,4.712746904766675,53.559908189892795
CORP-0066,0.790528702376337,3.2163314373049072,29.522633229383743
CORP-0067,4.030765205694794,2.8314223393941838,61.91485023007079
CORP-0068,0.46529815403087704,3.5638664729223297,28.902339176058177
CORP-0069,4.935745989342535,3.361716974962245,67.45989884196833
CORP-0070,3.8839993695536217,3.3889243613679705,62.29214932538169
CORP-0071,1.073706839517445,3.20082325314973,31.667219816936658
CORP-0072,0.12705837390565178,2.6262795689090854,25.458768380175126
CORP-0073,4.095760999428688,2.553621804200241,61.28431284280279
CORP-0074,3.5636009848533243,5.463167169208095,64.81223424162145
CORP-0075,3.6721351234008384,3.783319401207587,62.580594000608535
CORP-0076,3.8792246987611345,3.652979941479045,61.60026542520176
CORP-0077,0.4628187934970428,4.53894184807921,34.25809328078318
CORP-0078,1.856482069866936,3.1547616635951927,41.22509195270561
CORP-0079,0.6677583916731357,5.3498835518506755,36.05052561831574
CORP-0080,4.329206786790408,4.8590350432466565,69.27650498286059
CORP-0081,3.1541608214550343,2.7682330069367787,53.097381466732266
CORP-0082,1.7214003217779812,3.752742327354785,40.69472170209688
CORP-0083,0.4114359164015159,5.1373549226864945,33.65076397007639
CORP-0084,1.623813376406745,5.334196066874231,44.85276618466229
CORP-0085,1.6933982779310608,3.902204533749609,42.543299906530436
CORP-0086,3.675070273856514,4.340234167632123,66.39915411065166
CORP-0087,3.224031609640545,3.0011018382762256,50.497641816181535
CORP-0088,4.447342438624,5.473505878410929,74.19221559391724
CORP-0089,2.413853133293552,3.1950151041503303,48.53610629372093
CORP-0090,0.6860118050976783,5.328195322405377,37.67061065555802
CORP-0091,3.594899457392676,4.448939946977106,62.85204822563831
CORP-0092,3.8278467382227976,4.323210384636577,61.53259849536912
CORP-0093,2.8502582680905317,4.038065533049526,54.08632987347346
CORP-0094,3.877739181777349,3.192009435153276,59.232271437488826
CORP-0095,2.5195984221855148,3.029584096016525,48.02598138618821
CORP-0096,2.661390863971771,3.161458627210526,50.30381981970342
CORP-0097,2.1949509899568933,3.0593147864327634,48.26842083435877
CORP-0098,0.22455372104606644,4.83875342070026,32.647540379165825
CORP-0099,0.6286679922671918,3.5503757775001903,30.825441669703416
CORP-0100,0.25400300986499785,2.673528029690189,23.495909315632908
CORP-0101,3.2184110151925243,5.407307890422434,61.49780362039734
CORP-0102,1.640344307274001,5.151357654890277,46.8656692255875
CORP-0103,2.5919963867070437,5.283256849585639,55.16619025178141
CORP-0104,4.547075722237856,5.484723467939306,75.47303518555609
CORP-0105,1.3215319228294875,3.021685747658462,37.2764913287299
CORP-0106,2.110876322874586,3.688726056707976,42.79514416358119
CORP-0107,3.8022005788609388,4.774715427112274,67.4995243298861
CORP-0108,1.2211110109089502,4.588061854161377,42.58703215496026
CORP-0109,0.47720155816108567,2.961687719019565,26.144028624626415
CORP-0110,1.5197821192774634,4.947499374971853,39.98421783500612
CORP-0111,0.8899843075446217,3.173321715509982,29.93249380952497
CORP-0112,4.655518496478608,3.1714528444678693,69.50722618754047
CORP-0113,4.059789859865643,4.11092326868024,64.9659606188468
CORP-0114,3.203678406901075,4.27881980452511,55.55161961907083
CORP-0115,4.370156891919817,4.240258623513434,67.46797512483556
CORP-0116,4.037993176805661,2.7744605121932646,61.140017281435945
CORP-0117,1.0141932885415756,5.132382587891141,41.257833729112285
CORP-0118,4.473539092600891,3.2968001277661183,65.20795769243355
CORP-0119,2.742776985386689,2.8885447638484125,46.87691159293782
CORP-0120,4.056456760303907,5.1662442396069315,68.41779988322719
CORP-0121,4.490847369625117,5.36695449468926,72.28604762119863
CORP-0122,1.6582170273621333,5.086382851796352,49.329344546064554
CORP-0123,0.6392544301856161,4.928548224174634,35.142469045039206
CORP-0124,1.2168822964555144,4.465725941917065,41.85760262564664
CORP-0125,2.192828164268656,4.152572111827418,50.484788111706806
CORP-0126,4.108272353020216,2.7609602797342303,62.06905026892489
CORP-0127,4.3175798579560825,3.7253596392120962,65.05520658199508
CORP-0128,0.13406543960283446,3.618065551036942,26.553344061047913
CORP-0129,2.602661782630072,3.2792613512809785,47.79394112732778
CORP-0130,2.1453139154290173,4.670260341065755,47.254119839378426
CORP-0131,1.1883282713065784,3.987627205236312,37.888345961800944
CORP-0132,0.6873402999350458,2.743138647722944,25.144207857955106
CORP-0133,1.7543143398777772,3.1605496058494342,41.68354342915975
CORP-0134,4.720257549171344,4.549776290978787,72.11231728644613
CORP-0135,1.6836943669017008,2.7283925784709004,37.31098611119544
CORP-0136,2.6420740465424943,5.053620742146306,55.880762153831206
CORP-0137,3.5447928985863717,3.985439581041923,59.09948091333007
CORP-0138,1.8817850516585408,3.941759731979944,44.817384521626465
CORP-0139,4.861732205332707,4.2772233539785525,72.34554205332988
CORP-0140,4.815991745216345,4.974042897775448,77.39068776557156
CORP-0141,1.3337332495442846,3.543427623706579,34.15221700500352
CORP-0142,2.536517678872689,4.534048457677191,52.48587093909213
CORP-0143,1.5743037181021715,4.1971958919873735,45.62252688803669
CORP-0144,1.4957184224495914,3.301084810508264,35.413001606093026
CORP-0145,0.2807460420372107,5.135889959065474,31.855157294565693
CORP-0146,3.086865236501495,4.892278064820784,59.92214770536517
CORP-0147,2.5631272138214216,4.475355503975276,52.6102941110838
CORP-0148,0.3522458811249478,5.051745187282726,34.254576818365024
CORP-0149,1.4653676747593962,5.101882602879407,45.30689758202722
CORP-0150,4.550502841236603,4.625088930145104,72.99957564945169
CORP-0151,1.273853264268165,5.011039985091016,44.36516563482409
CORP-0152,0.8099848732469932,4.592414385007851,36.88415114973486
CORP-0153,2.498318525360059,4.540422315280901,51.413199942807076
CORP-0154,4.929687225141944,4.355834134645553,75.60051257983613
CORP-0155,1.2860708304063522,4.758149918672924,45.05003643334248
CORP-0156,3.393464182288805,2.9758153158792213,53.87590350249539
CORP-0157,3.8319361151107163,5.142612277596785,65.02478359459766
CORP-0158,1.2644239655627585,5.115530583235696,44.68831134436293
CORP-0159,3.6682601081981123,2.5877418491036774,54.95867609638958
CORP-0160,1.902137350324341,4.977450251694288,43.63476674283032
CORP-0161,3.19829856990854,2.886609602420336,53.62511817811331
CORP-0162,3.2042955827283843,3.5053565627774255,53.39157791512151
CORP-0163,2.725295951966317,4.730524768874823,54.63134405457098
CORP-0164,0.5424198732666007,2.9822796881449247,27.746068209750433
CORP-0165,4.192982228387266,4.953901072357187,70.02993481866591
CORP-0166,1.6718223183615057,4.996402533873226,47.28682579420529
CORP-0167,1.0139407009592858,4.022403201282509,34.85107672310357
CORP-0168,0.2997981936183432,2.5191576151505006,23.950924896328427
CORP-0169,2.995375421622385,3.3611143995247383,51.38143074834378
CORP-0170,3.420065373027184,4.350780755127227,61.371365026042156
CORP-0171,0.18128036174649514,5.44355853408227,34.72713254094689
CORP-0172,2.609255985666477,4.395440581050005,50.49881678394236
CORP-0173,1.2098292984698962,3.2794107431924795,36.782985540583994
CORP-0174,3.2613466730063045,4.402017109298834,57.51893494052713
CORP-0175,0.9543955021244581,4.1199561391475665,37.162697423334905
CORP-0176,3.4855949167020834,4.839536185453431,63.2058710772862
CORP-0177,1.9950031968726336,2.820941916480875,43.91266538980376
CORP-0178,4.689976944809999,4.7830837075060835,73.24018384097562
CORP-0179,0.773852626315367,4.123799736028331,33.148165301872915
CORP-0180,1.771225120146267,5.388976011576984,48.343703475922005
CORP-0181,0.6560202540788864,3.525616498116058,29.7282988405451
CORP-0182,4.630998729564958,4.3978656794018445,73.18583445235856
CORP-0183,4.398962831566807,5.296084316530052,69.7418629491317
CORP-0184,1.3639139758042627,2.8075291839720378,32.079934667735934
CORP-0185,3.3339218255674776,5.311685461709353,60.783393346570065
CORP-0186,4.104388780985958,4.5636571669024395,69.14693727092352
CORP-0187,2.8204839768373655,2.703511177315516,51.02986923438088
CORP-0188,2.695287833944432,3.402890700840449,49.00789878875896
CORP-0189,1.2850762254122134,4.624516265935845,40.36864575877939
CORP-0190,0.5562035622489062,2.702051804406315,26.23224538521623
CORP-0191,4.496357213971301,4.24651138052882,72.02519566005901
CORP-0192,4.51204848010032,3.53764917085887,65.16035097600736
CORP-0193,3.2021971406390133,4.362746553302431,58.34859701474992
CORP-0194,1.7612459761386334,2.6372261014375384,39.23113643863203
CORP-0195,1.8111269156020386,5.114610418457129,48.66633571192757
CORP-0196,3.6571828264641733,5.420466907532191,66.8042677147359
CORP-0197,4.4958402737676275,5.406633565857074,76.33910904935505
CORP-0198,4.446723478899075,4.748955495228774,65.83323044445783
CORP-0199,3.921390174702357,2.8902587203918957,60.1699921803018
CORP-0200,3.2459550661560104,4.774789587787067,58.62758011337552
CORP-0201,0.5122858284757393,2.5737607493764045,21.500492574312226
CORP-0202,0.8919806990636076,2.5663706545869918,29.7617044585022
CORP-0203,4.502915523782688,3.470830657448624,69.40833719605595
CORP-0204,3.071502392331991,3.965929571213997,54.76809398275452
CORP-0205,0.1450655529214853,4.811222253423379,32.5287608608535
CORP-0206,0.5972105600435573,4.549886129819516,37.09760135566915
CORP-0207,3.351158668629474,3.837708119130245,59.816668735669076
CORP-0208,0.12480176084647157,3.3208799988449975,27.74906578216426
CORP-0209,0.8879594519457434,5.491373500473133,41.88536377752088
CORP-0210,2.788795567896272,3.778543906707919,51.75860079964945
CORP-0211,3.4902864686941975,3.8541610729890263,55.37043412075664
CORP-0212,3.2946101715627427,2.9908714635750075,52.77015750788619
CORP-0213,1.198919616356743,4.884428646249788,39.24095774975583
CORP-0214,3.589678184602926,4.581046677344466,66.76801489810128
CORP-0215,1.2625205287343204,3.162308838366281,34.29140875157649
CORP-0216,1.6944585209804122,2.7471431368475283,37.332338110273
CORP-0217,3.7578078850783188,4.541497906224139,64.96813728522152
CORP-0218,3.283201205331352,4.463533642843405,59.13175091476637
CORP-0219,4.261194711421472,3.319778580994628,67.150566163344
CORP-0220,3.322303172271683,5.352590686751231,61.72694416011701
CORP-0221,2.884712156343811,2.9531736753427005,49.6066750971115
CORP-0222,0.5590063623576532,3.7970044031278056,29.01363688351283
CORP-0223,1.9018074349912244,5.330847760502797,46.7505166519864
CORP-0224,1.3994916016404548,3.759181950778367,37.10835983688722
CORP-0225,1.2955492525575096,4.415577842992256,39.895955677168544
CORP-0226,4.867751718286983,3.692783193888383,70.15616965024535
CORP-0227,2.026178850867126,3.32264560704601,41.154439551674024
CORP-0228,4.471028120367855,5.451932943879484,71.46986399166889
CORP-0229,3.1925792673865887,3.728002018945129,55.075299970695724
CORP-0230,3.9945753873540775,5.182297611037403,65.66821587595135
CORP-0231,2.5629217562154416,3.1898638176732588,48.62732388211893
CORP-0232,2.92682903466916,3.13931411207525,50.52701178352703
CORP-0233,2.5133366997124336,2.593402248653534,41.33520464295239
CORP-0234,1.0566906402104181,4.455000476127655,37.24014483240986
CORP-0235,3.640015364781376,3.6055790311712834,57.49814927892704
CORP-0236,1.4757845759601935,5.093074749518911,45.030601490535844
CORP-0237,0.21914823551412382,3.9196297200746715,30.44132800972915
CORP-0238,3.2628142499451225,5.404580283744165,58.864711570163834
CORP-0239,0.9678423290945398,3.0565765471093633,31.650860473130418
CORP-0240,4.70824706332928,5.105869503866833,74.8315595259622
CORP-0241,4.774250027312678,4.829790558375225,76.01721764587226
CORP-0242,4.582835512080198,4.812765533932156,73.21439275696589
CORP-0243,1.9137776312516777,5.034349684350663,46.814347570815954
CORP-0244,0.1757374209914504,4.7830719728289965,30.16368551940153
CORP-0245,4.648760956679855,4.378660964894246,70.08582123442862
CORP-0246,2.1981023267548405,2.8937346330471625,44.608924913556834
CORP-0247,4.836608613313981,2.5975785384737557,66.38071927772172
CORP-0248,4.821737887737339,5.262543543447061,80.65906547879898
CORP-0249,4.279746331790064,4.349950943562214,67.93607229862522
CORP-0250,1.54279957114097,4.889611872928529,42.798229883732404
CORP-0251,1.986978870149434,3.94456705453765,41.62713869934457
CORP-0252,4.270569690432599,2.8519245668871833,58.37183097414653
CORP-0253,1.6529178252657608,2.8755573766076514,34.03667696044436
CORP-0254,0.9305144587618532,4.556695861686914,37.60092410700823
CORP-0255,2.828326186045916,3.790917684698388,53.050219552689626
CORP-0256,4.6871583933878265,3.10157418010101,63.77192005352412
CORP-0257,3.510546003707368,3.9747836402243104,61.03939822426947
CORP-0258,2.8932997334378885,2.692626811225402,47.29073260919467
CORP-0259,0.5761648194767659,4.245914205743196,32.75080863197316
CORP-0260,3.113535410825932,3.306980213305293,56.03094851257838
CORP-0261,4.9512638655108905,4.892677301911565,78.4013945617308
CORP-0262,0.7864116746589678,3.4310858767707213,30.658193120531415
CORP-0263,2.6398152965823103,3.8656604472454035,48.75850265568299
CORP-0264,4.399128052446982,2.534861619724302,57.62753217448493
CORP-0265,3.729766226995602,2.7173406633836765,54.863835171508086
CORP-0266,3.5153771308768134,3.6774806692200546,57.683744942554554
CORP-0267,3.542172011536836,3.9398165041513704,57.43554107190305
CORP-0268,1.8615066409768006,4.300061644357911,44.622045732526644
CORP-0269,1.5386000368960178,3.3749877361279097,38.27035506094134
CORP-0270,4.065869661844717,4.5849456583796275,66.51583245742717
CORP-0271,4.069555633927986,5.080367191567614,67.6822421269394
CORP-0272,4.348654361042508,4.839552966680049,71.00773764055747
CORP-0273,4.574878707526709,2.6188564760450714,64.82065492482283
CORP-0274,2.6055777544185954,3.941520841773487,48.33827387918491
CORP-0275,2.5574298439672782,2.8147905352545246,48.376610418199775
CORP-0276,4.011646376937199,3.2261350475875825,60.81800450668519
CORP-0277,3.2848232608110495,5.459987779801439,63.08347134280043
CORP-0278,3.5396376985627467,2.9274866287045396,56.75293349767736
CORP-0279,3.9993840802368954,3.996664460354068,64.44723886619379
CORP-0280,4.461026174906075,4.354467202954357,71.70389074125163
CORP-0281,1.7561762685725257,4.607394911632312,45.687502528371894
CORP-0282,1.940356467935726,4.178946050460742,43.92429589795149
CORP-0283,0.5605115052202582,2.529312542257551,26.165116519034857
CORP-0284,2.933572690881253,3.4793839247319758,49.49902384765849
CORP-0285,0.2761171416040362,4.053134930154134,29.052771977407925
CORP-0286,2.381430288849055,2.7635994974345,43.6115257525151
CORP-0287,2.758958710067126,3.551880793627542,50.00139720560279
CORP-0288,1.5040521354285938,2.5996093263741,34.429857569190176
CORP-0289,2.995082976788153,2.7357354914650625,45.632532154352425
CORP-0290,0.2494512247013422,3.6907698286047883,26.03541613359998
CORP-0291,0.2830061248711506,2.8981472621291813,24.466837037074885
CORP-0292,4.1307427472323255,4.202622544784674,66.3722590618406
CORP-0293,1.8649341429151884,4.568394907411797,43.93510370548957
CORP-0294,0.7225965119942355,4.901760097327249,39.00312293498364
CORP-0295,2.6589919742685417,3.1004507327344304,45.92987699005986
CORP-0296,3.8729684101831934,3.002447746777209,60.74190528490265
CORP-0297,1.1575230347345318,2.813703521003201,33.105671637734225
CORP-0298,3.1521633315131017,4.4092907486309105,56.290260024210504
CORP-0299,0.5182025784694633,4.619427179460704,36.95125499852174
CORP-0300,0.35324043372617775,2.594758434476926,21.347544194793432
CORP-0301,2.7036376946839256,5.308636738731069,58.75741340164157
CORP-0302,2.7491120958895223,2.655913850954417,48.74138495085408
CORP-0303,3.2234065173412123,4.123889005903211,55.776677520201076
CORP-0304,3.657847535241042,4.627181558352749,66.04320841832956
CORP-0305,4.88167518936642,5.112907371238257,76.32745075473612
CORP-0306,2.6298717066758575,4.6422607963972835,54.1302116575695
CORP-0307,1.6824867174121054,4.905184249209375,46.12500448979495
CORP-0308,3.9964123543666483,3.5183505776284183,61.77070219405574
CORP-0309,1.4270780311841638,4.944475341239537,44.95675920752727
CORP-0310,2.250959961457617,2.7403445391540253,43.932475231567885
CORP-0311,0.4844362685771032,5.184449968181583,31.842880477732447
CORP-0312,0.22421864273574182,4.1427771284612085,31.30986610559069
CORP-0313,4.8169772319218325,4.951893309887481,72.24387296673598
CORP-0314,4.196302590509808,3.8569548535549005,67.3577864327461
CORP-0315,3.5102736098591203,4.430733085589575,63.32394190967511
CORP-0316,2.1038694276299226,4.07920798280834,44.121658633287225
CORP-0317,0.9491421683471444,4.694768565265996,36.974296284452684
CORP-0318,0.8665415090883216,2.7448899460917686,27.000294783734258
CORP-0319,1.3261902010065172,2.6810562519716914,32.89318985687121
CORP-0320,2.7912106570599904,3.2413097020304393,48.86567148182018
CORP-0321,3.601520021230306,2.978634040339565,57.68829742758484
CORP-0322,3.3349671459168837,5.115350699776605,64.76420817755604
CORP-0323,1.4716760950351202,3.157641962074133,39.402858372710085
CORP-0324,4.778839875249651,5.427595767457394,75.98502583154465
CORP-0325,3.715694891809266,3.5106873753133208,58.92340722595225
CORP-0326,2.8163348573058635,3.0463537470660977,45.57371974822819
CORP-0327,3.097431656548326,4.869095521427438,57.290242689926465
CORP-0328,2.156040305896171,4.476123326502629,50.316579478219055
CORP-0329,1.3138818485556718,3.994587149359417,41.69139180581301
CORP-0330,1.844266125391182,4.166090652812894,41.71619305870796
CORP-0331,3.813445941275409,4.657605334816791,63.673229263077765
CORP-0332,0.17052809428580376,3.185364223993896,24.308662277772868
CORP-0333,0.6687559384838896,5.489001748170226,38.86951072591707
CORP-0334,0.3254129459065885,5.424379486440349,33.1697338920307
CORP-0335,0.29957113136295366,4.45097705904081,31.497956073039482
CORP-0336,4.291756861653935,3.0986273527874353,62.21852090272029
CORP-0337,3.5479235109621166,4.540684727293874,61.83910772155904
CORP-0338,2.4234517625278937,2.7165952269375273,44.98174114777251
CORP-0339,0.5793873871899072,2.591957506617418,25.884854744395668
CORP-0340,2.5089177880724787,3.273048665533641,46.054141867769964
CORP-0341,2.420011676824772,3.887868870217949,48.32236680285546
CORP-0342,0.9486891625590744,5.1048175162251415,39.2550911908011
CORP-0343,2.225873081266068,4.681507209298924,49.131801049459085
CORP-0344,2.05267319854713,4.728119563599943,47.89528151526331
CORP-0345,3.117665480455861,3.776480003344226,57.921036418717016
CORP-0346,3.211958889251455,3.5378049776408886,55.786668254334856
CORP-0347,0.32198964788301815,3.613116288953808,26.920406174645585
CORP-0348,1.9356018116697091,5.462948691208173,51.633920784716395
CORP-0349,3.1667135869997587,2.6203275742374474,49.89745039393547
CORP-0350,2.56536766704243,5.1010944883673455,57.12162006554575
CORP-0351,4.296800221822779,4.236026225717181,68.50299139458131
CORP-0352,3.3275987949328307,3.8158462575687713,56.66096929412852
CORP-0353,0.8983786926990055,4.67577298124541,38.13312335724274
CORP-0354,0.4457868622621063,3.9600068242741084,26.93325018444944
CORP-0355,3.2478544632109467,5.120269714244982,59.082161319664316
CORP-0356,0.2299054216539469,5.202105592033775,30.604673861049484
CORP-0357,2.9703003482399706,3.7651627806203662,53.5643906202886
CORP-0358,4.707128182982292,3.3304833917051546,71.50468130412258
CORP-0359,2.919823471591807,4.277050985780087,59.30912721562777
CORP-0360,2.0020326384119573,5.2370900368500735,51.24377241519541
CORP-0361,3.252112270367531,3.131986567017,54.42470178644846
CORP-0362,2.345439163408432,4.368899750690448,46.15515558683642
CORP-0363,2.7735222676480813,4.394680660277562,52.841836584298974
CORP-0364,4.713177563004973,4.699339067245843,71.99697561371414
CORP-0365,1.991902925223794,2.8947030553817794,39.26019481465092
CORP-0366,4.809833762737179,4.647474894046265,73.9470326850187
CORP-0367,4.536218145584712,5.227097561996922,73.05828147564819
CORP-0368,1.0593765604675527,3.039049326610726,28.26167501013308
CORP-0369,0.4398703742883108,3.212629974771633,28.52510896706055
CORP-0370,0.5938122067493906,5.414185282124919,35.15247104113927
CORP-0371,0.1892869456925937,3.0429308581284693,24.448443144815815
CORP-0372,0.5627705077040491,5.063155280108737,39.747106283123365
CORP-0373,3.446733189740149,3.9768335693441044,56.812530396734985
CORP-0374,0.44882437745512205,3.241693223209531,22.170029433169123
CORP-0375,1.6629805884394306,5.112249703817534,45.67530596168451
CORP-0376,4.239889023750328,3.8359157650079965,67.82452805565725
CORP-0377,0.21403248510554676,4.0444520617890705,32.127811764100166
CORP-0378,4.090895564685786,3.577700108199297,60.715209108407315
CORP-0379,1.48108839638966,4.278852554304782,42.17914842939394
CORP-0380,0.6790076553461156,2.9905716177550685,27.482238283248268
CORP-0381,3.5140121102843387,3.6732446099552822,57.86419677891407
CORP-0382,3.181819949221432,5.4082369670058625,67.14892407966113
CORP-0383,4.39961286628256,3.274400298103383,61.88798276530755
CORP-0384,3.7018481146390405,4.470209993623877,63.55587638655554
CORP-0385,4.037056558885758,3.4755701926740845,63.1897044236419
CORP-0386,1.481969405599402,4.820419377059801,45.53195951131222
CORP-0387,0.9694537645206418,2.8926209821550497,30.97626099850809
CORP-0388,3.7780122830402063,5.409463135235634,68.1450703088327
CORP-0389,4.053490222409594,3.8613686241509177,63.170334474651234
CORP-0390,4.953475195803299,3.208151390039392,70.42887380277912
CORP-0391,2.12182661686599,2.720490241990038,40.35292927719223
CORP-0392,1.9228886203846378,3.0092737152626223,41.54768053441665
CORP-0393,3.904423507635785,4.0593218456680535,62.5900900331249
CORP-0394,1.7699373472397877,3.511009529293859,41.61264370375779
CORP-0395,4.660710895457467,4.9866500976478285,74.16482827006729
CORP-0396,4.306222484030758,3.792662570985418,68.33186438377821
CORP-0397,2.2020707341375902,3.2461428177628897,43.80145579818169
CORP-0398,3.7792682321783375,4.3514349598120905,59.7627231085288
CORP-0399,3.797260083014944,4.620331650656338,67.0791403926953
CORP-0400,0.6053069572960698,3.0011257237028497,25.943454387398823
CORP-0401,4.5225092427298765,3.002857648864953,63.667735724096
CORP-0402,2.5757366249945,2.610014280800629,43.71823247256329
CORP-0403,4.1496415839279335,4.709206045196922,71.0072954144447
CORP-0404,1.6682430450499979,4.491413582865415,39.54261483147925
CORP-0405,4.488063819631383,3.9238926272494417,74.60767386281589
CORP-0406,2.0070882257973994,5.032511346907592,51.309497150837764
CORP-0407,0.15310449225346198,4.917010458850159,31.569012340066845
CORP-0408,4.536371684454392,4.2560630931902566,70.00999537384517
CORP-0409,0.5473047162520545,5.104813841539776,36.189758320268936
CORP-0410,1.6646368241930332,3.1175236301103046,39.326389207033706
CORP-0411,4.755303638548944,2.8357588581931834,67.8088511708878
CORP-0412,4.757975019994025,3.309248834550969,69.54896696015402
CORP-0413,2.909845651804102,2.6712605682679444,48.50773732772125
CORP-0414,3.1960023396320167,4.0935085840030965,56.341379721901895
CORP-0415,2.297383057693767,5.309817076884885,52.7618607883233
CORP-0416,1.5367327813205165,2.618030622005529,34.68126734986166
CORP-0417,1.7104562723125885,2.8663297420300804,39.98219374882404
CORP-0418,3.3953404347774887,3.8565970848503057,58.86923591434909
CORP-0419,3.7866351942446324,5.301625052583715,61.298757286330314
CORP-0420,3.978737314256658,3.4484683149302517,62.90367929821879
CORP-0421,3.9691288996933145,4.0217044260651775,64.18301464078475
CORP-0422,0.5469099049385828,2.6247185771511763,25.657100892629447
CORP-0423,2.5226594930426494,2.9450296028862666,44.968346689272465
CORP-0424,0.382037924081557,5.459890368876541,37.71714719425298
CORP-0425,2.7926915233863046,5.3953560893081365,60.007046753648154
CORP-0426,2.2634994567295474,2.514819942803229,40.0167692744964
CORP-0427,4.449750495515668,5.355435356269717,74.50847570672678
CORP-0428,1.8194835615051859,4.417359813446501,43.011219619002695
CORP-0429,0.6736283804952687,5.103754883560066,34.05525281936746
CORP-0430,0.8006592420588957,3.8642195669015775,31.809706617985885
CORP-0431,3.8314020954156143,4.0467880857377505,64.31025919416486
CORP-0432,3.1292685102496796,3.9665397407707603,57.50045990120717
CORP-0433,0.5955011130016722,4.5005927726383135,34.68580250426373
CORP-0434,0.5121233499634875,2.918953764268939,27.991178455424883
CORP-0435,3.534748744149688,2.589920769618034,54.97215272212409
CORP-0436,0.45653873118454835,3.4237898247735727,26.749314054901596
CORP-0437,4.127114290522745,4.61404228820994,68.52760000215372
CORP-0438,3.5605869130668317,3.105560356368845,57.84863615006565
CORP-0439,0.4986090251453089,4.520297299974752,34.326557598406595
CORP-0440,0.5157047990174405,5.409736138321811,38.91596688690222
CORP-0441,4.93453393465576,2.781702147368255,69.42148866310487
CORP-0442,1.9339268992049898,4.517806354675379,47.14642737623209
CORP-0443,1.9161465206277657,3.8312506579137136,45.66869505425148
CORP-0444,4.082717879561763,5.1044267631325155,69.1504843898687
CORP-0445,4.741518029180908,3.031449368342158,65.40646944813182
CORP-0446,4.931405212732067,4.5778778566784935,74.8337270197811
CORP-0447,3.7915531077688143,5.01434586894433,64.58733270996815
CORP-0448,1.9436719691014874,5.3338426584220695,48.44989779020364
CORP-0449,0.509153511823477,4.549744084868937,32.74689736036775
CORP-0450,3.9080198880444406,3.991524292025282,61.507446262523395
CORP-0451,2.836180823705445,4.3535417206036415,53.74196164833821
CORP-0452,2.178687845310184,5.106714953436155,47.337165010283805
CORP-0453,4.541136486964207,4.211829239916489,70.4147010005718
CORP-0454,0.6448676633001416,2.5911611790905105,26.49329846843784
CORP-0455,2.5138630110252103,5.2928460865209335,53.41890568868685
CORP-0456,0.15563285936035345,4.568580253094684,31.071324513166903
CORP-0457,2.396437145771219,4.5295401573317395,52.759453789406656
CORP-0458,0.375886050841003,3.1470254571931515,22.943899583024187
CORP-0459,0.6822077897135524,4.476656410697972,32.86215008793821
CORP-0460,0.675878609207814,3.6815932169624754,29.60893495574954
CORP-0461,3.2811304803687116,4.453698931124476,57.10572908578294
CORP-0462,3.7556199084005746,2.819779090923972,58.61645517736484
CORP-0463,2.9585069489760825,4.473535913809108,55.61230739296361
CORP-0464,4.814645487525255,5.498241177312,77.2030671581167
CORP-0465,1.9368658396661502,2.644636116581668,34.97104521434159
CORP-0466,1.4999892227811178,5.431522552663952,47.24682388749488
CORP-0467,4.356135728128355,3.720723882168612,63.78766815618688
CORP-0468,1.1956196087453181,5.112260351011777,41.927292947660284
CORP-0469,4.819790443258995,4.84715645217482,75.73138889557612
CORP-0470,0.15955692598010007,4.201048782960004,31.041303120328266
CORP-0471,4.852406250867431,4.71534762775398,72.34160909601829
CORP-0472,0.311483568557823,5.135546683904044,27.462256325273845
CORP-0473,4.466601257120549,3.712420964953099,67.650094891965
CORP-0474,2.6857354345228694,3.4810994846897163,53.03990692974783
CORP-0475,4.965527500984572,4.502780156690754,77.66152459199532
CORP-0476,0.4616031672034544,4.923537825823775,34.49870022227717
CORP-0477,2.813885993566472,4.786855404329847,54.89606618493678
CORP-0478,4.849582424533585,4.893440946575904,77.2590420126473
CORP-0479,2.6631794364337296,3.806749944438799,48.58011202446669
CORP-0480,3.1840533268627866,4.953502648525065,61.01523273800917
CORP-0481,3.5091685760246243,2.860627166111825,55.79055045501449
CORP-0482,2.327251217362089,4.133467293882548,50.763175555467804
CORP-0483,3.175034592411911,2.5172759814943646,55.751252631712774
CORP-0484,2.9631401284231913,3.473757489700811,52.829693113181094
CORP-0485,4.515674251405846,3.5993846046141935,66.2785165553973
CORP-0486,0.3226872636731436,3.6885180748277664,27.768452679821944
CORP-0487,1.4767196290019287,4.586401620069586,38.83629114601843
CORP-0488,4.757016271975138,3.6656743038110373,68.46492553682984
CORP-0489,4.46229254106549,3.8460808678675917,66.95753773536632
CORP-0490,2.332718088649994,3.2126323926229823,43.96317461679769
CORP-0491,3.1386497292275304,3.6197553748880202,54.60090367128107
CORP-0492,1.4591677966075502,3.1818088817894545,34.944489730165145
CORP-0493,1.0217936826464304,2.719587771305331,32.82745240501136
CORP-0494,2.372122184205913,4.310345780144134,49.776958000369106
CORP-0495,1.831425917327659,4.504638395665049,45.398499154995726
CORP-0496,2.9599149480692732,4.358471038028844,54.897286725747634
CORP-0497,0.4808997211284257,3.890482131401717,30.44085724404487
CORP-0498,4.874534557564216,3.6393573405376896,72.51570418834609
CORP-0499,4.932432647950054,5.090000948715476,75.48385351896562
CORP-0500,3.5209923986967517,4.057245355408654,58.36217623110324
CORP-0501,2.72687219508619,3.9375456328891927,51.048016327322244
CORP-0502,1.6166853198030062,2.576926197419307,32.97447348085936
CORP-0503,4.087595596564048,3.5237434828784693,61.28861637942934
CORP-0504,3.455182745514009,3.6405868563575714,56.43414176072405
CORP-0505,0.8968230027899674,3.6964683426907015,35.05447025869295
CORP-0506,4.563543204019828,4.240517107681997,70.8408515269202
CORP-0507,4.130432490323528,4.100807640180635,66.02951904153115
CORP-0508,4.754019575130428,4.323715278380334,74.15984300159634
CORP-0509,3.656025591102964,4.794649784626385,63.636098677184904
CORP-0510,3.1057344600853707,4.93895721614828,60.041235935261916
CORP-0511,2.149390877824033,4.654369228679483,48.83024674818126
CORP-0512,4.670369568434665,5.366571087864804,76.36551995038779
CORP-0513,4.343713058552001,2.554697748029085,60.31854773313719
CORP-0514,0.3215714835203281,3.0873339570506384,20.526630605092812
CORP-0515,0.22919817503653483,2.5226886249344265,21.999578838212177
CORP-0516,1.9446704977024432,4.442424142463809,49.089562570228324
CORP-0517,4.071711320830981,5.1940916468499605,71.31005493977736
CORP-0518,4.937653033643228,3.230446889728898,71.7602863477086
CORP-0519,0.8370427664072881,5.28110363438892,41.54858226203736
CORP-0520,3.0112405052254623,2.6808021708686827,49.507308665039496
CORP-0521,1.9663651974920056,5.303308080416543,50.28833311265142
CORP-0522,4.852580549291556,3.5548680617189032,69.0836836742767
CORP-0523,4.2263827233649724,2.8042624853476497,60.73554010130374
CORP-0524,4.207810653084575,3.957615277558977,67.03620461408165
CORP-0525,2.3965964829953545,3.270329703161524,48.2567542754396
CORP-0526,2.1326155614545597,3.3546187058857684,43.39943010599939
CORP-0527,1.4396946524604608,3.42186989477886,36.464200247787
CORP-0528,0.3762399335895429,4.9090776934979905,33.21164606080581
CORP-0529,4.337139643649761,4.117483830025764,68.87517543263401
CORP-0530,4.083214944737381,3.433923097468011,59.63852473261008
CORP-0531,4.99861659910204,4.331001349932755,70.21850118492593
CORP-0532,4.983520501662136,4.648452022669581,74.83617915748545
CORP-0533,2.821615357452875,3.3178720022006014,47.6354090527764
CORP-0534,3.8680383343845017,3.7406473045760547,60.69267299966236
CORP-0535,4.729352076423897,2.8656582800108428,66.09591720843544
CORP-0536,4.263272214319316,3.043448048604041,61.768381412403635
CORP-0537,1.3120056985416686,4.543353561894948,43.54240345266714
CORP-0538,2.3076662630194584,3.044315043086881,44.75357920023702
CORP-0539,0.7328811342423255,4.075490151001181,33.865280098528466
CORP-0540,4.7748500335677395,4.627138785167298,75.11404474764952
CORP-0541,3.0702557088093125,2.8206307692842314,48.172286075263855
CORP-0542,1.2203497469669675,4.20193665888671,40.47929280657357
CORP-0543,3.3913333535886983,3.269688351104091,55.14489169043807
CORP-0544,3.1288283782436896,5.388780625712739,62.619953330648435
CORP-0545,1.8549973183609187,3.9506369401597743,41.281307818987514
CORP-0546,0.6564322017781822,4.917977649325474,32.8004989821625
CORP-0547,3.3907086584047184,4.1506796264687855,60.45023007677002
CORP-0548,2.6495077344285876,2.6302375985644577,46.444092923524444
CORP-0549,3.884360119504633,4.399454126782067,62.69513453370727
CORP-0550,2.648801155448768,5.354210026619971,54.84112492069379
CORP-0551,4.275689351560847,4.304835460438993,70.08926025041356
CORP-0552,2.8043435099949794,4.957566578280371,54.09270587233914
CORP-0553,2.848596060523393,5.152619390045223,60.95748604166506
CORP-0554,4.3956026530258905,3.1842393158467974,62.69394099783741
CORP-0555,2.0770660444407456,3.13613451972468,43.553449352302565
CORP-0556,0.7566746194081396,4.3329429665529755,33.86294379909126
CORP-0557,0.24103511393536098,3.7330854094201142,28.428550082231073
CORP-0558,3.8001725528007335,5.019583908600161,65.09174688177923
CORP-0559,3.139516801631977,5.200069370194034,60.30010128413533
CORP-0560,3.5499908636861957,3.5602641379081543,58.04780810744292
CORP-0561,1.1435243913936628,3.2106116769234463,31.701553514370634
CORP-0562,0.7682202303751718,4.841576545731586,38.14604706233073
CORP-0563,0.17126886177262146,3.3244181066444085,23.898299480474368
CORP-0564,1.8178790381523253,4.967842955541036,46.6840228539312
CORP-0565,2.9905966655877023,3.7712147609462887,51.50682861765131
CORP-0566,2.0219958209886886,4.5026496978744115,42.094891773299565
CORP-0567,2.243627117916273,2.7866059415040043,42.07882586102027
CORP-0568,4.530377603019367,4.371577974029719,75.35012996802871
CORP-0569,1.806451788414172,3.855303036211687,44.15171271057743
CORP-0570,2.618548496883073,4.259825389526423,51.8769915190261
CORP-0571,3.9398997624316014,3.0040426232345903,58.91943657762204
CORP-0572,2.0430596333742237,4.710621234832546,48.2964832420094
CORP-0573,3.1482248311165804,5.088391232629686,61.35593905647668
CORP-0574,4.325582172859051,3.150219400272327,61.33228261263261
CORP-0575,4.752651055922446,2.7871436665604854,68.52740308684292
CORP-0576,0.8206600565522859,2.570915758139009,29.510696200685242
CORP-0577,4.640279363291323,4.425914501329798,73.22268340800262
CORP-0578,2.511369836089737,4.321282108266342,52.02009335353733
CORP-0579,1.3653975026648961,4.14009223814221,39.57087854327333
CORP-0580,2.3497652055674805,3.195841288347926,46.45185707821641
CORP-0581,4.902159618898837,3.672717987716544,72.44501659788789
CORP-0582,2.5138286605650615,4.283429005558519,50.307006875720106
CORP-0583,1.7108828904087905,3.990300576577508,41.06738621939974
CORP-0584,3.203664186151957,5.463356560644662,62.491948601546206
CORP-0585,1.2767135320131462,2.9093192576701994,36.86409588779606
CORP-0586,0.4717303077324533,4.585433662142782,30.344958420721632
CORP-0587,0.7315106373621812,3.7129563043128764,28.866125740687345
CORP-0588,0.727424610893085,3.7845988447768444,32.37845086506472
CORP-0589,0.8443231982102424,4.6527932969745285,36.734018974607444
CORP-0590,0.7802531459821097,4.577308453973108,36.06832203146329
CORP-0591,3.240286249535752,5.473767981106565,63.16569769083291
CORP-0592,0.9912124135558097,2.8851828683623757,30.510844892960083
CORP-0593,1.7937696882869298,2.812328948152499,41.269854708539995
CORP-0594,4.494263208539458,4.673016451386223,68.1857583297167
CORP-0595,2.422412037288075,4.235160751019228,48.29656330875313
CORP-0596,3.3710329187530337,3.3224819996794177,55.1082312065734
CORP-0597,0.9443673688879862,2.73825810696696,26.638144809995374
CORP-0598,1.0422161921624868,2.7569747487892915,30.57724401183665
CORP-0599,0.30025621970574645,5.182572623992355,36.90566491463005
CORP-0600,0.9277818090536063,3.075601974156229,31.158108059226095
CORP-0601,1.4650926612565975,3.4701146863465624,38.26024083876129
CORP-0602,0.9673513729560594,3.179969206680964,29.38938533946126
CORP-0603,0.5346424154095726,3.564988917495812,28.106335800295234
CORP-0604,0.691115768392944,2.70827152823828,26.648293152038217
CORP-0605,2.3578159633603564,4.057179372724811,47.99253894931016
CORP-0606,1.1110352201883835,2.7028376907766445,33.92947294490376
CORP-0607,1.88492231913557,4.9010695234670845,48.6264222471065
CORP-0608,2.566744627188799,3.2011362457312993,44.96570302734473
CORP-0609,3.4829346602838904,4.120035743813531,60.061031804815094
CORP-0610,0.2926294852213848,5.140237262684375,34.33737265733422
CORP-0611,4.017110954654309,4.452632107141582,68.25338057482479
CORP-0612,3.1767119085054483,4.0988733596540055,59.73533794255452
CORP-0613,0.5006192565494724,3.473001259346127,26.617699590948757
CORP-0614,4.380535258123208,3.499005739174594,63.98939288644819
CORP-0615,4.612274762605884,4.508460865594571,69.33529798930495
CORP-0616,0.39928200328883245,5.482418083663503,35.25481164768396
CORP-0617,1.4567004759212985,4.485517569548136,42.71344154833755
CORP-0618,4.050386270986,4.173350252110074,67.1467396159855
CORP-0619,3.7664724828799265,4.691951530717738,64.39739266294521
CORP-0620,1.004152994846249,3.8956168368511546,34.482225751934294
CORP-0621,1.1258116843498807,2.680427027802356,31.72043509703077
CORP-0622,1.9153133036777719,4.186890447633729,43.2727523722137
CORP-0623,2.4741626274360047,5.37287585351614,59.17512581809615
CORP-0624,3.1294483804984505,3.025908827072979,48.618072868791074
CORP-0625,1.907676833891885,4.570014672461998,46.77246976961235
CORP-0626,2.366420109052425,3.1028010659771694,48.93940773836599
CORP-0627,3.7626075968554074,4.107483053419244,62.18830407292334
CORP-0628,0.27974769416392975,2.790029348940159,23.43764242031498
CORP-0629,1.3369410272857019,3.8511128087745554,37.39050014869153
CORP-0630,3.595412970834307,4.768489986685738,62.86959980614405
CORP-0631,4.486513504667276,3.542714572716946,69.53843353455997
CORP-0632,2.6072194663667645,4.494735173461654,48.32380180167187
CORP-0633,2.707356077800047,4.8863498823691875,58.332149671169844
CORP-0634,0.6251428555649027,5.281533458438358,34.21707665671972
CORP-0635,2.292320597434928,3.2039262455663606,44.059445999428426
CORP-0636,2.709824605629614,3.6979477474279245,49.676635902595706
CORP-0637,1.2881054678101755,2.9572480399912524,35.243100643703116
CORP-0638,1.419291831651967,5.477450506475126,42.196825722826695
CORP-0639,1.9486923992126512,5.281002903772886,50.56093473977562
CORP-0640,0.19834886911085922,4.119871390841679,32.412419066493584
CORP-0641,1.6781879113575737,5.026099883129264,43.320836681228386
CORP-0642,1.136095234283069,4.062873931816126,37.42381278817445
CORP-0643,1.704737025671782,4.370757064008279,42.35406564432182
CORP-0644,0.686834445914331,2.7673732963480497,28.446194833964412
CORP-0645,4.463583675625485,4.765811261490423,71.50558551923531
CORP-0646,3.008603022414839,2.8831404509057044,48.83131669847517
CORP-0647,3.4276013638079994,4.978202890757585,63.45076908894848
CORP-0648,3.966939069175958,4.846084263011157,70.67895442878972
CORP-0649,2.542366774752381,4.626234093228929,52.27561314960874
CORP-0650,0.5259094116283761,2.6084811415742863,26.86957986106308
CORP-0651,2.7318220549108845,3.409385067835986,47.00330387725502
CORP-0652,2.975521478302308,3.2893377097325285,49.51193212916602
CORP-0653,3.7526534235032174,3.5804092224145574,60.91665696869955
CORP-0654,2.2151317765254293,2.7629282402915156,45.06369689522957
CORP-0655,0.7251434836982624,5.310873469093188,38.84358366907757
CORP-0656,1.4905019384137501,4.161406722137128,40.17927924243283
CORP-0657,1.8791032523533122,3.4165729319740707,41.51635543609945
CORP-0658,3.2649944825248465,3.6909445512228505,53.28041032093801
CORP-0659,2.8968136928776684,3.841607621514507,54.09519122110661
CORP-0660,1.8448739568994468,4.301783000081851,46.498100715518966
CORP-0661,4.9339247190856,4.047038283089494,72.15625729800502
CORP-0662,3.068296614848747,5.258175919643252,59.24143722411711
CORP-0663,1.262411279506373,3.990890448717491,38.488225409484606
CORP-0664,0.5987341158399784,5.4764740444699385,36.72043080627836
CORP-0665,0.849009782003227,5.054274873235287,38.15042719272016
CORP-0666,1.30519286908409,3.1255315430720074,39.10090200691992
CORP-0667,0.8873387289718229,5.291785643931749,39.102809099467315
CORP-0668,1.0141784178513984,2.8490991936564285,30.314411440171554
CORP-0669,1.496966326599851,4.9523491254735745,42.73549299332256
CORP-0670,0.9495306169442986,3.6418698804297405,35.07640432568967
CORP-0671,4.4941505806694835,5.133922961335209,72.86767401526471
CORP-0672,0.4931453537420468,5.1041700703223505,33.80281506519599
CORP-0673,2.670105808894248,4.917776200352863,57.679718050452834
CORP-0674,2.1109444522493415,4.870091308921184,52.37354354108076
CORP-0675,4.913655222852172,3.4140374172941224,69.1350271547947
CORP-0676,0.6489906206234565,2.7427578491537563,23.40336238981663
CORP-0677,2.049492435324134,3.7089405362954846,46.32096766043505
CORP-0678,4.850405123049307,3.020573544959526,66.79188319728651
CORP-0679,4.340984916880504,4.584853266707385,71.16002097551986
CORP-0680,4.103653147651472,3.5382991796133565,59.197693985718736
CORP-0681,1.3637238525202053,5.426830602579745,46.447893685859555
CORP-0682,0.9373491782113226,4.4229162320359965,34.17413826258999
CORP-0683,3.3763517776297123,4.967441690903083,63.40663688922765
CORP-0684,4.65394234672517,2.897574018225545,65.83129450246416
CORP-0685,2.8281381757682564,5.086043446817868,55.30360761827662
CORP-0686,2.9009021784025095,5.268271571540183,57.81758435513101
CORP-0687,1.4718975589353926,3.961185756456808,41.200406749626865
CORP-0688,3.870515372640491,4.318758813252932,64.25672019932686
CORP-0689,1.0165143679318647,4.794429402708986,40.003430067133635
CORP-0690,1.6860282583807942,3.0245158817812374,42.06821315077347
CORP-0691,2.1846385492204425,4.007698229390327,43.65637591173341
CORP-0692,2.58729085555383,3.695989083316939,52.59764461096638
CORP-0693,1.2878076888338934,2.9391219764867476,34.19937282491541
CORP-0694,0.6627004412220974,3.602603266874594,28.908499162462046
CORP-0695,3.092038207964,2.7045169281564805,47.531803436805944
CORP-0696,1.5142897108772535,2.577435720848461,34.31725435517368
CORP-0697,2.9480672849708003,2.9054988674644684,51.4719349009294
CORP-0698,0.8563773048435913,5.389345334767522,39.43786749432913
CORP-0699,2.457586499088606,4.148588607685051,52.963736032576655
CORP-0700,2.709688219502771,5.3974664834596595,54.42955263901184
CORP-0701,0.3539353304298919,3.797493634990396,28.52818228335345
CORP-0702,1.749360963150211,3.4354483992557787,37.85593585812388
CORP-0703,0.7586319170009738,4.018425588520732,34.007969330842116
CORP-0704,0.410537355316562,3.8185350658987303,30.94801991929686
CORP-0705,4.950805138710732,2.8169940527852315,67.45910144153078
CORP-0706,1.6795338403761428,4.422478944070619,38.43705954660157
CORP-0707,4.068384784687711,3.148114547528799,61.64000993824144
CORP-0708,1.347739208342443,4.358763864693489,41.11205504149418
CORP-0709,3.4393633388972535,4.45060327719446,61.28495433822514
CORP-0710,3.8251165134594647,2.9560745593859443,60.634469499053
CORP-0711,3.0186298289784372,2.6840488813320045,47.27107154132507
CORP-0712,2.4107233238957764,4.842284758205319,53.63144282073205
CORP-0713,2.118020479321616,3.8794012713079606,48.023814663743146
CORP-0714,1.8094545060606773,2.6744913865164275,34.33060818562912
CORP-0715,4.654692806814347,5.484598951509302,76.79728112261145
CORP-0716,4.170035098159873,2.6733416829890997,59.30034050245984
CORP-0717,4.828631862265912,4.585105686575659,74.04938009162551
CORP-0718,0.7090563950791692,5.451036775790241,39.23553582348974
CORP-0719,3.6812506284978572,3.2175403126477766,56.86758509309365
CORP-0720,4.697868238423085,2.9267481060615888,64.98532453094245
CORP-0721,0.9880420242117348,2.864154818267287,30.91132333805668
CORP-0722,0.42583171009720977,3.4098254427027865,25.510211139009034
CORP-0723,3.7314911815212897,2.80313743303194,54.49006569880964
CORP-0724,2.9149182545815684,4.5764840250823955,57.35640608476749
CORP-0725,4.224961006115533,2.686875394390188,58.587043065341014
CORP-0726,0.7848846454688185,4.028266384449369,34.90209467156967
CORP-0727,3.9968098281134625,5.49009056155893,70.85523819902151
CORP-0728,1.0879738682339484,4.941910808518056,36.651781524713535
CORP-0729,0.9019141200419521,4.345658314693033,34.595688094499366
CORP-0730,0.9049024098618654,3.418760862359835,34.659835149221806
CORP-0731,4.091416129133773,4.371687508874915,64.39287219999113
CORP-0732,3.359466381411381,4.081124391734955,57.31061966572916
CORP-0733,2.663020581368685,3.7782501516711147,51.335817916190756
CORP-0734,1.8582693722051624,2.8921311302205983,40.78886457539663
CORP-0735,4.398282649984231,5.1598126457214,71.9198579856468
CORP-0736,2.0229810263709136,3.8493539464639674,43.420715146996265
CORP-0737,4.101337253410728,3.083867535462295,64.14291377264811
CORP-0738,2.2517610519940705,3.603278052631869,49.2826415320663
CORP-0739,1.9470277041820474,3.742389257586781,45.424036321640166
CORP-0740,2.367130949781072,4.982613686700622,52.58883505485272
CORP-0741,1.5767515834042964,4.7008431416842065,42.16598116579579
CORP-0742,3.763285962863631,4.80791468092402,63.32198655778744
CORP-0743,2.563329911453148,2.533093793285942,45.52903754248018
CORP-0744,1.237842206219405,3.7484619945392845,37.59014537901885
CORP-0745,4.507915409045386,3.9440324549059707,71.4045233914479
CORP-0746,1.981066984728736,2.55757683046917,40.35134386187195
CORP-0747,2.7634090194585443,3.279439626235103,46.363983586276944
CORP-0748,4.54171334372628,4.7808694693664044,74.37364987831111
CORP-0749,3.1587661799785614,2.9113291171869973,49.6574739239155
CORP-0750,0.6728003994709839,4.105930394357775,32.047382828500744
CORP-0751,4.705177405706028,3.1456056160517125,67.78200823091751
CORP-0752,3.1757694600499478,2.5363623239316797,54.306594145769154
CORP-0753,1.7410375118197223,3.2236043727986243,45.654110965492585
CORP-0754,0.7824331560505976,5.427621264730162,40.35704615967369
CORP-0755,3.9907234274244505,4.904611335648969,67.16392466568738
CORP-0756,3.1383565040497166,5.3787299329631,62.39831781728581
CORP-0757,2.7139593506839756,3.9635621317790872,53.412173210361786
CORP-0758,4.480073656949693,2.8292085960325104,63.23619887403774
CORP-0759,3.964126335000201,4.143878466921079,67.82513676201087
CORP-0760,0.8432069106904808,3.8631320036798824,33.9231351846619
CORP-0761,1.6274381321981866,5.033071248218848,46.58843342694095
CORP-0762,1.3175967850908823,2.794247742352734,35.02600893188325
CORP-0763,3.7453368336061175,3.9647234110653344,62.28276678474836
CORP-0764,0.264308930205319,2.9501459940819528,25.989399814217563
CORP-0765,2.892459455869451,3.47402778067018,50.139969580346666
CORP-0766,3.836047560129384,4.7120712321633995,64.17413324199067
CORP-0767,4.3961516201325725,3.9280543881062995,65.27534947774124
CORP-0768,1.7762005687079467,3.627664855437308,42.263567285715176
CORP-0769,4.124160792892863,3.6834288357101057,65.47111588234685
CORP-0770,0.6420955110805154,3.87834030521796,32.52881430844051
CORP-0771,4.2476162294991395,4.855049631511171,73.12153757298158
CORP-0772,0.7246944454267139,5.176254066820704,37.57842146117851
CORP-0773,2.0467077237458,5.366004059511785,52.24522292481726
CORP-0774,4.006747292319813,4.860710158765885,65.32353815982313
CORP-0775,0.8345953940089915,3.446220687244038,30.93933958711277
CORP-0776,1.2233318366399435,4.564404118259627,41.27034443624952
CORP-0777,3.639037585126025,3.8128093721661758,61.52029876884823
CORP-0778,3.6281790290757647,3.2640118661381536,56.935814345444015
CORP-0779,3.241623401137957,5.022614738277768,60.742682760205525
CORP-0780,3.5003473778887906,2.615279046886975,50.67866878412979
CORP-0781,2.7593497724032217,5.20528597640627,56.32090834184247
CORP-0782,1.3338153886440687,3.8844323938742025,39.989742094655035
CORP-0783,1.7939103681692055,4.411604430424841,45.83897625151995
CORP-0784,0.9898288123269858,4.478061766617348,38.316952226338174
CORP-0785,4.5514077505347785,5.185353222119609,74.07933389292074
CORP-0786,2.9586197943539907,4.410009046501622,55.76105054962575
CORP-0787,2.0641719421418356,4.341800754280185,45.65619418852128
CORP-0788,2.36382843785625,2.69995612168207,44.65385148676773
CORP-0789,4.741688364097895,4.0552240658356125,72.10888161105123
CORP-0790,0.851421875268793,2.950507002451125,30.874573520843633
CORP-0791,2.972526176882307,4.7123013061644565,56.03613421970457
CORP-0792,2.5788545265338834,4.036665762438023,46.3390952120815
CORP-0793,3.096125753629775,4.54068333762506,59.770233433490496
CORP-0794,0.1887399007221185,2.6250187018071527,21.335428952071926
CORP-0795,4.373407153826342,2.7543760481374098,60.83932062581364
CORP-0796,4.667379584169701,4.6489701641880465,74.32294453019232
CORP-0797,2.869152599587124,2.71625300799602,47.3379364482235
CORP-0798,3.5135890369967724,2.7137701832957757,56.35404935274568
CORP-0799,4.6202469677687485,2.5363254257046624,65.27165979577516
CORP-0800,3.5654693081356537,5.3695041948984406,66.71711385328344
CORP-0801,0.8474413102798807,4.712525078377021,34.168881338765885
CORP-0802,2.923812964817385,3.5597542255061922,54.439128038562735
CORP-0803,3.0729037272759943,3.3896067438629656,53.27351344704152
CORP-0804,2.1782402893816917,3.5491096892375484,44.151167227583855
CORP-0805,3.7085767545611423,4.8239605935435454,64.81409847718953
CORP-0806,4.678398372368172,4.484111833211243,68.82876140454597
CORP-0807,4.635285713243204,3.055586703602404,67.0748667131814
CORP-0808,2.3091129198802474,3.022328006002253,41.96714174650722
CORP-0809,0.6548664246197008,2.795186949140192,24.696638258760856
CORP-0810,4.925721874915439,4.480908159104015,71.67327207567695
CORP-0811,4.210600623585077,4.793117986665208,71.3985546206989
CORP-0812,0.7108471378960075,3.2951392849750123,28.675078162526543
CORP-0813,4.6121252248251245,2.5628348830927385,67.13398458804264
CORP-0814,4.362492174104428,2.746515002429282,61.3581327376046
CORP-0815,2.6423064799177536,5.4035801045350915,53.301516062173135
CORP-0816,2.9972496351501534,3.386334332432261,49.78615998375818
CORP-0817,2.0551132489636386,4.807669443514401,51.22587687922604
CORP-0818,0.3683320302279536,4.373990706562791,30.68332075754339
CORP-0819,1.7424664840649147,3.6458189189586876,40.04013268147024
CORP-0820,4.033981898130256,3.117061786586665,61.11111163028967
CORP-0821,0.12269691272255401,2.8641592544782193,23.62582316111223
CORP-0822,1.7341459412866067,4.3450389041166,46.089339690494086
CORP-0823,2.051026598595622,4.8239013419133645,51.677356514097724
CORP-0824,2.7332384543958224,4.431712760623392,52.973079067675705
CORP-0825,4.607292520422527,4.090906399747475,67.48080917083982
CORP-0826,1.7970953723932104,2.6258536702949087,36.74889039666858
CORP-0827,1.800070689291516,5.405466332783151,49.243097892567775
CORP-0828,3.7137561157377674,4.896142574963724,62.93773554694247
CORP-0829,2.3158679103600552,3.3784661101028943,43.60030775904202
CORP-0830,1.2005636324059117,5.4399109880765515,43.85257422326214
CORP-0831,2.316953629050198,4.305644768908966,49.13633384847184
CORP-0832,0.7901993998610193,4.24726797462174,34.56156018798981
CORP-0833,0.9642962338804942,4.744219538288596,36.62070170561895
CORP-0834,2.542002086423451,4.935309364270413,53.42945584969291
CORP-0835,2.152734702572285,4.469435821994508,46.48025667387813
CORP-0836,4.5827449152336905,2.8842872390986,66.85362247336403
CORP-0837,1.8757301056715026,3.514802517983495,43.94914474526076
CORP-0838,2.9448829163624133,5.284250920978149,55.421015664879334
CORP-0839,3.1980950108056994,3.1738468355315557,51.21826822439555
CORP-0840,0.16416283728283482,3.61650107151254,23.032492730056934
CORP-0841,3.3513331228818823,3.796230648832588,55.72253939389443
CORP-0842,0.972376237661782,3.8182149690833564,34.34355819453964
CORP-0843,4.80924455560033,4.338818747483577,70.14380782874038
CORP-0844,0.8284473659902535,5.329227513234123,37.34344040359328
CORP-0845,2.1316582062624163,3.2220781354975148,41.13115075732002
CORP-0846,0.5182133735853549,2.8645041289027544,26.79557822346978
CORP-0847,4.984683834045142,3.0924114695798117,69.86283097582059
CORP-0848,2.560755550623089,5.160774700627808,53.52680142675607
CORP-0849,3.017386584868215,4.437432437965618,56.76854405238931
CORP-0850,0.4286747392032947,3.3577203677174805,26.40993132412669
CORP-0851,3.7748063049559715,4.947840816905852,65.10871294405304
CORP-0852,1.1285374061683704,5.084109989090308,44.40444949555782
CORP-0853,4.500466018259497,5.039543016070834,75.59352134132926
CORP-0854,1.1051842383618353,5.256779600918663,38.92720619425689
CORP-0855,1.0343698312519662,3.256723060520085,34.512870474732374
CORP-0856,0.2790933724556649,4.765125786238835,33.33468329226734
CORP-0857,2.4131280310389966,3.88161849182242,46.154663684654906
CORP-0858,2.8677215529868207,5.025995658670185,58.984892675565256
CORP-0859,0.4219723331989266,4.6854720314848395,35.826489128154265
CORP-0860,3.9000853218055522,4.829342339499174,64.12309030266061
CORP-0861,2.3211152902653356,4.468485513043214,48.089531667665014
CORP-0862,2.6695123197051425,3.0322863084091205,49.52483520452234
CORP-0863,2.2597374599973183,4.135080756690815,48.55081951838908
CORP-0864,2.0637389982890975,5.454009218573525,52.52450990851957
CORP-0865,2.8422376234102678,5.312164199491357,58.93109265316396
CORP-0866,0.8606772050604913,2.629521207391035,29.475910119495094
CORP-0867,0.9914478394268286,2.9944444471883114,28.74358800668595
CORP-0868,4.322749542966235,2.8951863203636856,64.74150135287687
CORP-0869,4.7359657644548,4.677939729955886,76.0426136669997
CORP-0870,1.9292156497707897,4.953355989570835,47.682191142969785
CORP-0871,1.4266488984034136,3.1405340989320156,36.02834703093277
CORP-0872,3.2555977618711776,4.017558078855487,53.936196048086686
CORP-0873,2.1027974383806725,5.0221090840336,51.09352151278645
CORP-0874,0.22439314273568983,4.698404634298752,32.06946827661235
CORP-0875,0.8651477270943327,4.126711616475545,34.60136783929972
CORP-0876,3.6082639213522483,4.271043071376319,63.611386258092644
CORP-0877,3.328727315359742,4.02508164074884,57.05508159695304
CORP-0878,0.23277036326706912,3.392645353956462,26.911111718650204
CORP-0879,1.1876635934714523,4.195065978577048,36.02373937490276
CORP-0880,1.23226650328155,4.566655906150272,39.92605110402734
CORP-0881,3.3922744436337697,5.119968747582423,62.35777368904483
CORP-0882,0.19658163499638437,4.408874061937745,29.953637624298512
CORP-0883,0.6101320517244119,4.783364611129474,34.19065907823309
CORP-0884,4.019588818328628,2.980214904863719,59.84400820223351
CORP-0885,0.9748688440662348,3.88467242325937,36.452038054549725
CORP-0886,3.2984559284741866,2.52799485948128,50.573782283953456
CORP-0887,1.2670956271289602,3.240036593564869,31.784400630507243
CORP-0888,0.5872628245207914,4.6793851453390145,37.79570522271441
CORP-0889,1.2915437358973252,5.47542985404809,46.93429306459792
CORP-0890,3.6391079660927304,2.7975342987616476,53.17713748271629
CORP-0891,4.2929126937208,3.7044829475838648,66.98001799117344
CORP-0892,4.168077336378259,4.900212906097479,68.19163677888069
CORP-0893,2.0461992951304286,3.1121069038866964,42.41429534994798
CORP-0894,3.3736171691961667,4.1652548479068585,59.298830757018
CORP-0895,1.104423047537523,4.699213888089025,38.82005890332992
CORP-0896,1.5364238782789652,4.347956350780537,40.420320915599525
CORP-0897,4.492045510753487,3.0640742038462485,63.5496470629106
CORP-0898,0.1637094252026066,3.5661537060572184,23.98747053269115
CORP-0899,0.5189918011868936,4.851375353456191,32.672279108639366
CORP-0900,1.118642650215534,4.16267954239605,37.14346676653307
CORP-0901,0.2300077989817166,2.515688840628738,20.816309474619757
CORP-0902,0.9890336319400069,4.782972280084282,39.89181275519243
CORP-0903,2.956903648751492,2.605934064820717,51.4888132330939
CORP-0904,2.16498029790324,4.737201348193697,48.356011740115484
CORP-0905,4.474091384277177,3.1074416804957123,65.41244387368678
CORP-0906,4.1054734525183605,5.37422044035814,71.49824978096285
CORP-0907,1.7749050233195924,3.6038222539062534,42.22089127899969
CORP-0908,1.3711748238133334,3.480794849014237,37.10125075811579
CORP-0909,1.960492800019608,2.946664150997334,41.896703040895055
CORP-0910,2.9924452183225583,3.4168126464706448,53.059978065308194
CORP-0911,1.4135118400320938,5.129952285484602,41.4728467775887
CORP-0912,3.158329648460757,5.489003012881742,63.698455840682705
CORP-0913,2.1061170957370785,3.604928591520545,46.202408450117915
CORP-0914,2.8050311861747033,3.845831892863628,50.504551631757025
CORP-0915,2.237019992763052,4.666212814608211,49.99241686057704
CORP-0916,1.5428822217553968,5.158587341395224,46.658388457879305
CORP-0917,4.747421204114568,4.279133002560353,71.79840581017108
CORP-0918,3.8416683913828282,3.674577094533488,63.34011419180284
CORP-0919,0.7865545612556175,3.7378655225458712,37.151475411350575
CORP-0920,4.355493081899772,4.586854439490421,68.15262997073955
CORP-0921,2.488412871422617,2.509654790812836,40.91645223545865
CORP-0922,4.483305911781048,4.358768012379522,70.6341154026478
CORP-0923,4.019290754141845,3.5664790313240724,63.8923032998961
CORP-0924,2.183546171899244,4.8825919938312525,49.81232386067829
CORP-0925,0.21009961076857525,2.7789719194693965,26.018355306821118
CORP-0926,1.416519060986236,4.264606800845172,37.838146683303435
CORP-0927,2.7540076518382484,3.942918669658371,53.32058461716007
CORP-0928,3.2040432771481218,4.426976577715682,56.934595802252105
CORP-0929,1.3636496586226914,2.694560783448905,37.17167070312578
CORP-0930,0.7828447629568382,4.239951362284394,38.38186140356378
CORP-0931,4.191158160316566,4.184453763878571,65.02050440295497
CORP-0932,4.923570685447405,4.181980283248513,72.40272837292724
CORP-0933,2.6758818932831607,4.310462999789364,54.38190575930709
CORP-0934,0.9412285006566872,4.529403811679087,36.285024703375846
CORP-0935,1.434305899944908,4.914966999042309,43.19495160978139
CORP-0936,0.190114315082587,3.3094621603846432,25.094711475907967
CORP-0937,4.580064152146445,4.975148230540186,69.57185605515666
CORP-0938,0.6769803061616916,3.994767046790361,32.382705603509045
CORP-0939,2.9249307300198426,2.7311748374029934,47.33208573667213
CORP-0940,1.4428705813673095,2.675652787731938,33.423636029117645
CORP-0941,2.815472212327388,3.5027149560881825,53.645109848400544
CORP-0942,3.291959902924135,4.854690931334403,58.17936901455838
CORP-0943,4.165734838165288,4.623042804222747,69.69306255295717
CORP-0944,1.1114642316269558,4.865844894017219,39.46436391586134
CORP-0945,0.15387956042655435,4.051807169324828,27.10956416435991
CORP-0946,0.7707395873371556,3.820596993866472,34.185157847272286
CORP-0947,4.510091345055715,2.942357580118852,65.29540068764247
CORP-0948,4.382061380056324,3.4845782608279348,66.70912214828589
CORP-0949,3.027324200634511,3.8020580985216257,55.90418162118007
CORP-0950,3.042532616124902,2.7658012890388517,49.304648242975325
CORP-0951,3.358679705276652,3.161835858133634,53.330327163647226
CORP-0952,0.9593192652549031,4.294675882191216,34.12193549557085
CORP-0953,4.580618535032303,4.70698934271757,70.69301239371926
CORP-0954,2.1519755719711586,5.4950425341788485,58.32212692105885
CORP-0955,1.9773787884225378,5.299339994030673,52.47181762761037
CORP-0956,2.642696755885904,4.427695598605575,50.11425284292235
CORP-0957,0.33013323719776977,3.763744159882216,25.546326479420536
CORP-0958,0.9147885069047892,4.408532094124698,37.28835131553127
CORP-0959,3.7163647204892154,4.856954854240696,65.82781385636626
CORP-0960,0.5057134728331197,2.8550085727701617,27.322079953630013
CORP-0961,3.0554453363853025,3.7297146690888647,53.435677784908435
CORP-0962,1.3022106374384728,5.019406856906851,42.19771996328709
CORP-0963,2.007548508805685,3.651498855799132,44.333465305169256
CORP-0964,1.5145993101764295,4.21561681368156,41.42294671398898
CORP-0965,1.842796310678251,4.263308082586595,40.12119653629469
CORP-0966,3.6233249354028034,3.053428759400918,56.17570266277991
CORP-0967,1.5558964065535579,3.5867063249568654,37.42502829356563
CORP-0968,2.8753827374547964,3.5035338662257964,51.68069430854077
CORP-0969,2.4326469707755884,2.5785901255961945,49.39502472995969
CORP-0970,3.3519887102769763,2.572575291674066,52.86915724527615
CORP-0971,4.6904657226913145,4.995091131027321,73.91272951733198
CORP-0972,3.6896032763302267,3.319212429918437,60.171683848765404
CORP-0973,1.1532078550947082,4.054236298716447,38.13779559268394
CORP-0974,0.2527973618002949,3.396176720766319,26.82647080107176
CORP-0975,1.3850938170691431,5.322037735346021,45.66024338997229
CORP-0976,3.015881860431249,3.2778902765973212,55.875525910145235
CORP-0977,0.3519864860728268,3.788970438216805,26.237976499907244
CORP-0978,2.5321946112860583,5.118190751453806,55.47587596665569
CORP-0979,3.0245299596927575,5.0258007003754255,56.98347515861982
CORP-0980,1.7377950650031082,3.058304253538832,39.85329542436935
CORP-0981,3.877469798354528,4.907929929387131,64.63030977894435
CORP-0982,0.6223314403554818,3.874560660213678,30.57565769702162
CORP-0983,0.468175130505463,3.9489066162560658,29.653110376350348
CORP-0984,3.6681249053976566,2.9004399172478315,58.40057970895848
CORP-0985,2.527907449410373,2.741804541271374,46.819247822368865
CORP-0986,3.4731717424959068,4.683817920921296,59.23896848450352
CORP-0987,2.230653959158357,3.989383457065899,47.25861466226768
CORP-0988,1.3073699628716235,3.8105521078455387,36.24306336916423
CORP-0989,4.113601356603579,4.688524685957191,65.3163018102121
CORP-0990,4.017137806947998,4.796538696973329,66.91492985305057
CORP-0991,3.5040127071866913,2.976724503008061,54.57805315339417
CORP-0992,1.4335111724268175,4.330675448432924,45.794490904477506
CORP-0993,2.992130267658527,2.9060622468330566,50.915406180809626
CORP-0994,1.8687720950061315,4.754125258087138,44.01460093339833
CORP-0995,0.5487521593005074,4.470865468801419,31.967059380218615
CORP-0996,4.59483651976499,5.369843863250374,77.1730889816277
CORP-0997,0.7704112915029109,2.7068740490692633,32.323289011294555
CORP-0998,4.756163033721932,2.671164163453763,62.696238849697494
CORP-0999,2.2854282874939833,3.3465612240796005,41.33796485723315
